bank_id,loan_default_ratio,liquidity_ratio,withdrawal_rate,investment_risk_score,fraud_alerts_count,capital_adequacy_ratio,customer_sentiment_score,bank_failure_risk_flag
1,0.26,0.76,82.74,57,17,6.02,1,1
2,0.06,0.59,82.23,45,6,13.76,3,1
3,0.27,0.46,60.45,53,12,9.89,3,1
4,0.27,0.24,66.4,9,7,14.63,2,1
5,0.15,0.88,52.03,45,5,6.22,2,1
6,0.1,0.68,70.96,70,15,12.54,7,1
7,0.04,0.65,51.67,52,1,17.97,5,0
8,0.26,0.72,12.05,44,17,9.24,4,1
9,0.12,0.84,12.74,23,3,13.91,4,0
10,0.08,0.24,46.54,88,4,19.02,6,1
11,0.22,0.76,23.65,48,17,5.46,1,1
12,0.12,0.35,91.07,40,13,17.15,1,1
13,0.08,0.86,66.6,79,15,5.43,7,1
14,0.09,0.67,81.37,68,11,17.44,7,1
15,0.3,0.64,16.99,81,13,12.75,5,1
16,0.21,0.96,38.44,92,12,9.91,3,1
17,0.14,0.66,46.51,74,18,13.18,4,1
18,0.06,0.81,75.3,87,3,15.71,8,1
19,0.36,0.14,58.75,73,15,11.95,3,1
20,0.08,0.42,64.98,24,18,10.69,7,1
21,0.39,0.49,19.89,99,11,16.83,1,1
22,0.2,0.69,67.53,87,19,7.23,3,1
23,0.15,0.34,37.64,66,3,4.87,9,1
24,0.14,0.79,63.71,18,8,17.55,6,0
25,0.07,0.34,37.36,1,0,9.56,9,0
26,0.35,0.73,94.71,59,3,18.12,6,1
27,0.33,0.63,26.04,29,9,7.47,4,1
28,0.07,0.59,76.59,77,3,6.02,6,1
29,0.37,0.35,33.78,45,16,6.06,9,1
30,0.1,0.46,79.73,47,11,10.09,7,1
31,0.04,0.87,22,51,4,13.55,6,0
32,0.27,0.87,20.73,77,2,5.72,3,1
33,0.37,0.49,48.06,93,19,10.73,2,1
34,0.36,0.77,11.85,29,16,13.94,9,1
35,0.39,0.99,88.48,62,3,7.61,2,1
36,0.25,0.35,56.03,25,3,16.06,7,0
37,0.06,0.54,83.09,61,16,15.31,4,1
38,0.2,0.52,28.3,55,6,12.67,3,0
39,0.27,0.59,34.54,6,8,12.01,2,1
40,0.21,0.63,89.91,89,2,14.54,4,1
41,0.17,0.14,89.85,41,14,7.32,7,1
42,0.14,0.45,79.55,11,2,16.9,7,1
43,0.19,0.93,50.87,10,2,9.06,7,0
44,0.16,0.33,15.39,66,17,9.35,4,1
45,0.12,0.75,60.19,18,5,8.2,6,0
46,0.17,0.34,61.67,51,18,19.87,2,1
47,0.21,0.44,41,4,11,16.39,9,1
48,0.32,0.61,94.55,18,7,15.8,6,1
49,0.13,0.86,45.78,82,6,12.22,4,1
50,0.19,0.72,66.78,48,17,11.2,3,1
51,0.29,0.79,66.99,39,5,14.13,9,1
52,0.38,0.83,24.33,53,9,8.69,8,1
53,0.11,0.66,96.33,99,4,7.68,6,1
54,0.06,0.79,72.17,82,4,18.24,7,1
55,0.37,0.36,23.18,20,19,10.6,3,1
56,0.14,0.49,42.68,2,14,16.8,3,1
57,0.33,0.66,20.82,43,0,10.77,8,1
58,0.34,0.83,72.5,68,17,8.44,3,1
59,0.11,0.46,71.3,6,9,9.77,7,0
60,0.2,0.51,65.36,35,18,13.49,1,1
61,0.27,0.52,28.77,93,6,12.1,5,1
62,0.26,0.66,83.63,8,17,16.53,6,1
63,0.27,0.68,56.71,71,3,19.28,6,1
64,0.16,0.85,45.76,57,14,8.83,8,1
65,0.35,0.1,44.65,41,3,8.02,2,1
66,0.19,0.88,61.82,65,14,19.74,7,1
67,0.38,0.3,53.4,79,12,16.12,3,1
68,0.26,0.71,52.8,17,10,17.13,6,1
69,0.09,0.92,83.5,58,3,15.44,7,1
70,0.08,0.35,33.41,56,12,9.06,9,1
71,0.25,0.58,91.72,37,2,7.9,3,1
72,0.38,0.66,11.32,59,9,18.76,5,1
73,0.28,0.51,56.22,25,9,11.77,5,1
74,0.34,0.27,29.56,91,15,12.82,9,1
75,0.15,0.63,27.53,67,1,9.68,8,0
76,0.06,0.91,95.6,43,2,13.03,2,1
77,0.32,0.96,77.4,78,8,5.34,2,1
78,0.22,0.3,36.58,87,12,6.74,5,1
79,0.26,0.19,33.42,77,9,16.57,4,1
80,0.13,0.85,23.14,26,19,18.92,7,1
81,0.02,0.82,50.96,54,2,13.3,1,0
82,0.17,0.3,24.01,17,0,19.09,3,0
83,0.32,0.14,30.52,44,18,12.08,7,1
84,0.04,0.33,33.8,54,3,11.8,2,0
85,0.4,0.65,99.75,6,16,5.8,1,1
86,0.31,0.21,39.63,99,17,15.11,7,1
87,0.34,0.31,57.52,45,0,13.59,5,1
88,0.17,0.57,74.71,74,10,9.72,4,0
89,0.15,0.5,15.52,56,1,11.3,3,0
90,0.24,0.75,60.16,36,14,15.9,8,1
91,0.02,0.97,50.39,78,4,9.92,1,0
92,0.33,0.66,68.49,50,16,15.26,6,1
93,0.04,0.92,97.97,94,5,15.24,6,1
94,0.38,0.35,14.83,59,3,17.47,9,1
95,0.29,0.81,63.93,57,2,10.82,3,1
96,0.36,0.89,33.1,25,15,10.19,4,1
97,0.33,0.48,84.19,17,19,7.86,8,1
98,0.19,0.55,31.07,30,0,14.22,3,0
99,0.31,0.41,58.8,50,19,18.65,9,1
100,0.02,0.54,62.24,66,8,19.21,4,0
101,0.02,0.35,96.45,62,16,19.63,4,1
102,0.15,0.18,83.59,93,2,6.15,2,1
103,0.18,0.12,73.48,80,10,6.83,6,1
104,0.05,0.78,70.17,38,10,13.74,1,0
105,0.23,0.45,22.08,24,13,7.93,1,1
106,0.34,0.11,32.54,69,4,8.84,2,1
107,0.04,0.98,26.24,70,4,4.65,2,1
108,0.18,0.58,14.17,55,7,18.04,1,0
109,0.38,0.92,31.04,28,14,19.46,2,1
110,0.23,0.96,58.41,98,13,16.54,9,1
111,0.04,0.25,10.36,23,13,7.9,3,1
112,0.21,0.31,61.37,52,2,12.85,3,0
113,0.05,0.24,82,35,19,17,4,1
114,0.11,0.54,61.01,46,15,8.45,1,1
115,0.05,0.96,89.55,57,18,4.13,3,1
116,0.36,0.5,53.02,86,15,18.08,8,1
117,0.12,0.62,80.28,80,6,15.27,6,1
118,0.16,0.46,47.37,13,6,6.07,9,1
119,0.33,0.26,21.36,8,6,16.38,7,1
120,0.1,0.49,72.08,54,9,19.68,5,0
121,0.38,0.37,80.51,94,13,15.58,2,1
122,0.19,0.37,43.83,50,10,13.53,9,0
123,0.27,0.24,13.64,17,6,4.69,4,1
124,0.3,0.43,57.6,79,7,7.16,8,1
125,0.36,0.22,47.51,56,6,6.96,4,1
126,0.08,0.54,35.54,99,10,8.63,2,1
127,0.26,0.71,10.69,97,8,7.34,1,1
128,0.11,0.27,91.88,10,2,19.19,4,1
129,0.35,0.7,97.16,24,17,13.9,7,1
130,0.33,0.32,74.1,91,11,18.13,8,1
131,0.12,0.8,55.64,41,3,18.48,4,0
132,0.03,0.9,49.95,23,13,17.77,5,1
133,0.36,0.31,86.78,4,1,4.54,5,1
134,0.1,1,55.59,89,4,16.22,2,1
135,0.39,0.74,72.43,32,16,13.3,7,1
136,0.03,0.28,21.19,5,2,9.75,9,0
137,0.05,0.21,37.92,31,8,7.47,6,0
138,0.14,0.21,10.07,77,2,11.82,4,0
139,0.14,0.15,36.95,90,2,12.95,5,1
140,0.35,0.48,72.78,91,10,19.54,5,1
141,0.02,0.62,15.47,98,17,5.09,4,1
142,0.33,0.24,31.33,49,4,5.8,8,1
143,0.3,0.42,43.83,6,14,8.05,4,1
144,0.08,0.61,77,44,8,5.01,3,1
145,0.08,0.98,30.98,25,0,6.14,4,1
146,0.07,0.77,51.44,40,8,19.39,5,0
147,0.37,0.62,97.38,79,9,15.52,5,1
148,0.23,0.81,81.61,93,15,9.97,7,1
149,0.34,0.29,13.05,94,6,7.53,1,1
150,0.15,0.75,64.03,14,13,9.9,3,1
151,0.4,0.21,59.8,49,4,5.37,1,1
152,0.27,0.45,29.45,65,19,19.71,3,1
153,0.34,0.97,31.1,79,2,10.19,6,1
154,0.16,0.7,14.03,4,2,9.36,5,0
155,0.07,0.6,28.25,29,14,11.29,5,1
156,0.39,0.74,12.67,31,14,15.2,4,1
157,0.28,0.72,23.69,95,18,4.85,4,1
158,0.18,0.24,31.84,73,15,13.75,3,1
159,0.11,0.26,50.43,37,18,10.77,3,1
160,0.1,0.34,88.22,3,6,9.11,6,1
161,0.15,0.74,48.95,44,3,15.19,3,0
162,0.1,0.64,26.38,39,19,4.6,2,1
163,0.22,0.26,63.39,71,2,7.4,1,0
164,0.06,0.49,75.65,38,8,4.49,5,1
165,0.04,0.67,38.74,65,17,7.4,3,1
166,0.09,0.21,18.11,41,9,14.08,2,0
167,0.01,0.89,72.76,56,18,5.54,1,1
168,0.31,0.81,21.73,36,18,19.14,7,1
169,0.05,0.71,83.21,30,11,10.68,8,1
170,0.17,0.34,31.82,12,1,6.9,4,1
171,0.12,0.48,22.36,8,9,15.09,2,0
172,0.12,0.55,15.23,52,8,13.59,8,0
173,0.25,0.28,33.5,55,11,6.26,4,1
174,0.1,0.14,88.27,76,9,4.83,8,1
175,0.16,0.93,69.25,75,18,4.69,1,1
176,0.03,0.53,68.92,17,15,8.22,7,1
177,0.31,0.99,40.75,64,4,14.44,1,1
178,0.14,0.72,78.47,53,19,7.42,6,1
179,0.09,0.14,18.59,55,9,5.31,6,1
180,0.26,0.23,49.94,38,7,7.58,2,1
181,0.06,0.86,89.86,88,11,12.34,3,1
182,0.03,0.3,73.65,22,9,6.96,7,1
183,0.19,0.22,26.96,33,14,11.4,8,1
184,0.38,0.86,40.77,61,14,12.61,3,1
185,0.12,0.9,54.09,15,8,15.28,8,0
186,0.17,0.1,95.94,46,5,6.2,7,1
187,0.14,0.93,98.65,6,19,5.4,1,1
188,0.13,0.22,77.25,26,14,6.37,8,1
189,0.27,0.18,60.15,96,4,10.7,7,1
190,0.02,0.94,67.48,25,12,17.48,3,1
191,0.17,0.1,78.72,6,8,9.64,4,1
192,0.01,0.77,80.98,66,14,9.59,1,1
193,0.35,0.8,93.61,40,17,9.19,3,1
194,0.11,0.69,25.73,40,18,10.82,6,1
195,0.39,0.37,68.83,98,11,17.31,1,1
196,0.02,0.93,86.85,49,11,10.66,7,1
197,0.32,0.82,67.05,6,1,13.37,4,1
198,0.15,0.37,63.67,28,14,19.72,8,1
199,0.15,0.22,99.7,88,9,10.7,6,1
200,0.12,0.12,21.74,58,6,6.01,6,1
201,0.39,0.53,54.1,97,18,15.76,9,1
202,0.35,0.51,30.35,89,15,4.15,4,1
203,0.17,0.68,66.98,11,8,6.9,7,1
204,0.29,0.65,16.4,26,13,6.6,4,1
205,0.03,0.81,28.29,42,6,16.08,9,0
206,0.05,0.28,49.16,94,1,19.97,3,1
207,0.15,0.54,85.31,60,19,11.58,4,1
208,0.18,0.75,92.32,48,14,6.91,8,1
209,0.24,0.5,74.26,48,8,16.26,6,0
210,0.19,0.7,83.15,38,12,4.56,1,1
211,0.29,0.64,31.4,86,7,16.82,4,1
212,0.1,0.75,36.58,81,16,17.19,7,1
213,0.29,0.11,86.85,91,0,8.08,1,1
214,0.04,0.9,97.46,82,1,14.96,5,1
215,0.21,0.72,55.44,95,13,9.01,6,1
216,0.21,0.55,20.59,78,19,10.86,5,1
217,0.23,0.98,15.7,62,16,7.34,4,1
218,0.13,0.18,40.9,99,12,8.84,1,1
219,0.15,0.26,44.69,26,19,19.35,4,1
220,0.23,0.83,46.33,59,17,13.78,6,1
221,0.1,0.64,15.2,8,16,16.92,8,1
222,0.2,0.7,26.92,41,3,9.54,6,0
223,0.12,0.51,18.36,9,12,8.85,7,1
224,0.13,0.2,94.53,34,3,19.36,1,1
225,0.17,0.15,39.66,85,12,10.81,4,1
226,0.39,0.36,54.91,80,5,10.01,2,1
227,0.17,1,12.24,76,13,15.22,7,1
228,0.15,0.36,23.31,28,13,18.58,9,1
229,0.33,0.66,30.41,72,14,6,5,1
230,0.24,0.5,34.86,56,9,12.91,6,0
231,0.26,0.93,15.66,15,15,6.71,9,1
232,0.09,0.52,19.24,55,6,10.68,7,0
233,0.1,0.82,40.47,79,16,10.13,3,1
234,0.17,0.51,62.52,49,8,5.36,3,1
235,0.37,0.17,75.55,40,9,8.22,6,1
236,0.1,0.16,23.43,2,16,4.27,8,1
237,0.37,0.81,51.45,90,10,10.53,5,1
238,0.14,0.65,55.26,10,17,4.27,4,1
239,0.04,0.31,97.18,59,9,10.94,2,1
240,0.2,0.78,68.58,10,11,13.05,2,1
241,0.3,0.47,13.82,5,7,10.05,9,1
242,0.01,0.62,86.73,66,15,8.04,4,1
243,0.15,0.4,29.54,38,4,17.7,2,0
244,0.1,0.69,79.37,18,3,7.24,5,1
245,0.3,0.67,11.48,92,1,14.62,1,1
246,0.02,0.49,54.76,65,5,18.71,4,0
247,0.35,0.96,78.78,59,0,14.41,6,1
248,0.3,0.42,76.13,94,8,16.22,5,1
249,0.22,0.29,77.37,38,14,16.52,5,1
250,0.14,0.5,45.63,48,16,13.75,2,1
251,0.18,0.4,17.97,14,18,4.77,5,1
252,0.06,0.43,43.86,16,8,16.16,9,0
253,0.21,0.36,90.97,58,14,17.15,3,1
254,0.38,0.83,42.39,73,16,11.62,6,1
255,0.38,0.12,86.94,86,0,7.82,9,1
256,0.13,0.38,29.22,26,8,6.85,5,1
257,0.12,0.72,83.12,67,4,15.8,8,1
258,0.19,0.67,36.39,71,17,12.51,9,1
259,0.06,0.92,48.81,72,3,8.67,6,0
260,0.17,0.36,95.86,70,4,4.16,8,1
261,0.24,0.82,92.77,79,7,4.09,2,1
262,0.18,0.49,35.66,56,1,8.4,5,0
263,0.19,0.68,38.54,5,16,7.44,9,1
264,0.36,0.42,64.29,24,9,10.49,9,1
265,0.34,0.63,73.11,66,4,14.43,4,1
266,0.37,0.61,21.29,45,4,10.25,7,1
267,0.32,0.9,51.94,4,9,8.34,2,1
268,0.14,0.97,65.13,4,17,5.95,6,1
269,0.03,0.57,57.22,45,18,7.81,8,1
270,0.28,0.93,99.35,60,6,12.88,5,1
271,0.16,0.67,44.85,39,10,10.28,7,0
272,0.33,0.8,88.72,55,9,4.8,4,1
273,0.38,0.57,37.28,34,16,9.72,7,1
274,0.37,0.2,12.35,85,18,6.52,1,1
275,0.01,0.21,30.69,3,18,13.71,9,1
276,0.23,0.38,44.07,33,8,7.52,2,0
277,0.04,0.89,55.56,47,3,17.78,4,0
278,0.4,0.89,71.39,22,6,5.35,4,1
279,0.31,0.9,21.21,51,6,13.8,1,1
280,0.17,0.74,58.67,58,14,4.19,6,1
281,0.27,0.3,49.4,36,15,16.69,2,1
282,0.28,0.8,66.29,55,17,4.72,3,1
283,0.31,0.13,17.22,6,18,7.59,7,1
284,0.37,0.86,10.46,63,17,14.8,1,1
285,0.29,0.14,40.46,3,12,15.44,3,1
286,0.24,0.57,25.15,91,15,14.34,8,1
287,0.37,0.54,32.11,22,2,17.67,6,1
288,0.26,0.65,42.19,83,4,10.21,5,1
289,0.34,0.66,23,26,17,9.99,5,1
290,0.31,0.66,73,72,10,16.34,6,1
291,0.34,0.59,58.28,5,11,11,4,1
292,0.27,0.3,12.77,96,8,8.58,7,1
293,0.05,0.89,20.91,2,6,17.22,9,0
294,0.13,0.34,60.61,33,2,19.35,6,0
295,0.05,0.37,79.34,26,12,17.44,8,1
296,0.09,0.94,28.63,20,4,15.17,9,0
297,0.13,0.96,62.26,24,16,17.43,5,1
298,0.1,0.14,74.88,90,12,10.16,9,1
299,0.38,0.57,50.93,98,10,10.8,1,1
300,0.27,0.43,83.38,40,3,19.18,2,1
301,0.27,0.76,89.16,57,6,8.45,1,1
302,0.01,0.79,51,29,16,10.06,9,1
303,0.2,0.4,12.09,47,13,10.56,7,1
304,0.32,0.9,59.35,71,12,16.19,6,1
305,0.24,0.28,52.87,50,5,7.5,4,0
306,0.23,1,67.13,57,19,9.28,8,1
307,0.34,0.27,21.37,72,6,19.12,7,1
308,0.13,0.19,15.35,11,16,13.77,8,1
309,0.04,0.11,32.5,54,15,9.81,8,1
310,0.28,0.33,34.03,76,0,6.02,6,1
311,0.19,0.35,26.02,15,15,15.79,6,1
312,0.15,0.34,35.24,39,18,16.77,8,1
313,0.12,0.93,58.34,40,11,10.97,5,1
314,0.36,0.35,74.26,58,14,10.22,6,1
315,0.18,0.41,37,99,2,15.09,2,1
316,0.26,0.57,64.18,24,19,19.76,2,1
317,0.03,0.67,20.89,36,2,11.56,6,0
318,0.33,0.97,12.73,70,2,13.56,5,1
319,0.03,0.87,33.73,72,16,15.46,4,1
320,0.14,0.99,74.83,29,5,12.3,8,0
321,0.35,0.44,13.11,55,12,19.61,7,1
322,0.17,0.69,20.78,60,4,15.2,8,0
323,0.4,0.24,36.66,95,15,19.52,6,1
324,0.37,0.11,35.22,50,4,4.01,2,1
325,0.32,0.81,31.65,33,15,17.15,5,1
326,0.03,0.27,58.84,18,17,6.28,6,1
327,0.16,0.69,14.01,95,15,8.22,1,1
328,0.18,0.85,76.89,21,11,6.54,3,1
329,0.07,0.51,25.24,94,6,10.92,3,1
330,0.1,0.9,38.83,17,3,19.78,2,0
331,0.25,0.74,91.15,77,8,15.42,7,1
332,0.37,0.17,56.2,60,7,12.69,4,1
333,0.2,0.76,59.43,75,11,17.16,7,1
334,0.37,0.36,94.58,20,7,18.13,3,1
335,0.15,0.31,80.37,69,8,7.72,4,1
336,0.37,0.7,28.57,13,0,14.62,4,1
337,0.34,0.16,24.94,75,11,15.75,9,1
338,0.04,0.26,11.1,62,5,18.26,5,0
339,0.34,0.62,43.31,62,6,6.9,3,1
340,0.4,0.65,61.5,30,17,6.09,8,1
341,0.35,0.82,49.03,18,14,9.27,3,1
342,0.37,0.62,63.11,9,19,11.86,1,1
343,0.22,0.76,37.39,17,6,19.92,9,0
344,0.31,0.74,97.66,8,4,17.31,1,1
345,0.22,0.35,73.45,93,18,16.86,9,1
346,0.03,0.31,82,73,8,19.64,1,1
347,0.26,0.3,54.86,87,13,19.45,6,1
348,0.13,0.31,46.11,8,5,12.42,1,0
349,0.07,0.95,33.08,56,0,15.08,1,0
350,0.13,0.59,89.71,26,14,16.28,1,1
351,0.23,0.94,65.54,70,19,17.36,9,1
352,0.11,0.78,98.2,57,7,6.33,9,1
353,0.12,0.68,87.04,55,9,14.34,5,1
354,0.2,0.94,40.48,36,19,13.86,6,1
355,0.32,0.35,42.29,37,10,5.04,2,1
356,0.18,0.66,14.49,21,3,8.53,3,0
357,0.24,0.86,15.65,15,12,15.31,6,1
358,0.04,0.26,76.09,62,16,5.53,5,1
359,0.21,0.6,12.17,20,6,8.36,7,0
360,0.02,0.3,22.94,23,3,13.65,1,0
361,0.02,0.79,90.58,41,16,15.54,9,1
362,0.19,0.97,24.45,56,10,6.9,6,1
363,0.39,0.67,55.36,23,16,16.78,7,1
364,0.22,0.95,54.8,90,9,9.65,1,1
365,0.27,0.64,24.13,22,14,13.38,3,1
366,0.12,0.93,25.81,73,7,14.07,3,0
367,0.38,0.29,41.52,57,11,17.45,4,1
368,0.05,0.96,21.13,33,12,8.56,2,1
369,0.19,0.24,84.86,10,18,19.41,1,1
370,0.26,0.33,14.29,92,6,6.59,9,1
371,0.03,0.12,80.07,16,15,9.21,7,1
372,0.38,0.89,29.44,5,17,14.98,7,1
373,0.1,0.78,72.29,76,1,18.6,7,0
374,0.03,0.62,40.29,57,13,15.19,1,1
375,0.07,0.23,68.83,8,1,12.19,3,0
376,0.17,0.51,16.44,1,1,17.75,9,0
377,0.05,0.93,48.62,56,13,10.43,8,1
378,0.14,0.76,46.39,68,14,14.04,2,1
379,0.31,0.31,26.22,6,1,4.11,1,1
380,0.24,0.43,18.89,9,3,12.42,3,0
381,0.08,0.82,75.9,96,1,18.22,4,1
382,0.07,0.28,90.47,62,9,13.85,8,1
383,0.23,0.36,42.26,30,15,4.55,7,1
384,0.36,1,36.27,62,17,16.41,8,1
385,0.11,0.53,69.23,18,16,13.68,4,1
386,0.18,0.33,65.65,29,4,14.42,8,0
387,0.11,0.96,69.62,40,17,14.81,5,1
388,0.26,0.26,76.17,32,14,7.11,9,1
389,0.11,0.27,36.17,89,6,11.57,1,1
390,0.19,0.51,20.86,35,9,4.18,8,1
391,0.07,0.25,60.68,55,3,9.81,7,0
392,0.39,0.33,45,46,13,14.29,1,1
393,0.03,0.78,94.79,83,18,4.54,1,1
394,0.29,0.68,63.6,3,18,18.4,9,1
395,0.16,0.2,97.78,49,1,13.38,1,1
396,0.3,0.94,41.81,10,11,13.59,3,1
397,0.03,0.65,88.78,62,19,14.06,3,1
398,0.02,0.3,97.73,57,6,13.35,5,1
399,0.01,0.21,34.08,15,17,16.56,5,1
400,0.09,0.97,89.84,75,14,12.92,3,1
401,0.24,0.34,29.8,86,13,8.04,4,1
402,0.2,0.73,34.39,39,2,6.48,4,1
403,0.34,0.21,54.57,92,1,11.26,3,1
404,0.08,0.84,79.11,16,10,13.92,5,1
405,0.19,0.19,46.69,13,12,19.67,9,1
406,0.17,0.3,44.2,92,9,18.32,9,1
407,0.19,0.62,86.99,52,4,15.65,4,1
408,0.2,0.94,23.02,40,10,7.48,6,0
409,0.16,0.47,90.16,23,19,17.24,4,1
410,0.02,0.62,16.59,51,3,10.61,8,0
411,0.34,0.51,69.11,93,11,13.46,8,1
412,0.25,0.79,23.49,26,10,5.61,7,1
413,0.17,0.8,22.53,75,14,4.21,7,1
414,0.11,0.78,35.31,53,5,15.68,2,0
415,0.26,0.52,22.32,41,16,14.92,8,1
416,0.13,0.6,41.17,58,15,5.92,3,1
417,0.2,0.71,69.67,97,1,7.68,9,1
418,0.36,0.96,84.76,97,0,11.4,3,1
419,0.03,0.4,31.8,42,10,10.17,4,0
420,0.06,0.51,55.42,6,4,10.51,5,0
421,0.39,0.19,98.16,35,11,10.1,1,1
422,0.14,0.4,18.39,74,8,13.23,4,0
423,0.21,0.48,84.54,74,16,19.27,9,1
424,0.32,0.43,45.75,90,6,12.33,2,1
425,0.1,0.39,70.68,64,15,17.77,7,1
426,0.23,0.88,83.56,55,13,19.6,6,1
427,0.05,0.79,85.35,82,10,9.68,7,1
428,0.07,0.87,77.85,42,3,13.47,8,1
429,0.36,0.81,60.25,43,0,9.89,5,1
430,0.12,0.94,77.05,86,12,17.68,3,1
431,0.3,0.44,93,86,2,5.13,1,1
432,0.13,0.93,13.37,22,12,19.8,3,1
433,0.1,0.54,45.81,58,12,9.16,3,1
434,0.16,0.77,94.13,65,6,9.68,4,1
435,0.14,0.49,86.16,75,4,17.46,3,1
436,0.28,0.23,10.56,59,13,18.92,7,1
437,0.01,0.8,94.06,57,3,15.48,5,1
438,0.23,0.36,15.94,81,10,13.97,5,1
439,0.28,0.35,97.03,89,11,6.11,4,1
440,0.14,0.56,93.25,72,5,17.3,2,1
441,0.28,0.56,45.14,55,0,18.4,7,1
442,0.37,0.44,89.08,88,14,10.55,6,1
443,0.32,0.52,38.39,47,1,14.68,3,1
444,0.24,0.19,96.54,38,3,17.27,7,1
445,0.08,0.48,94.64,28,0,5.97,7,1
446,0.22,0.79,24.45,9,18,10.13,4,1
447,0.36,0.18,19.15,23,12,7.11,4,1
448,0.38,0.63,96.59,50,11,10.96,6,1
449,0.02,0.7,67.2,6,1,7.78,6,0
450,0.14,0.78,96.07,77,8,18.38,2,1
451,0.02,0.74,15.75,34,3,9.68,1,0
452,0.35,0.33,52.42,1,14,12.77,1,1
453,0.26,0.28,18.1,5,1,15.2,4,1
454,0.28,0.74,41.65,39,4,5.18,8,1
455,0.08,0.49,31.36,45,6,11.86,7,0
456,0.25,0.71,29.95,69,19,19.75,5,1
457,0.36,0.3,47.99,92,17,8.4,7,1
458,0.23,0.14,31.06,88,2,16.33,1,1
459,0.39,0.73,54.01,53,11,19.18,6,1
460,0.39,0.64,23.99,29,8,10.75,6,1
461,0.28,0.92,51.06,38,19,4.87,5,1
462,0.31,0.23,84.27,66,4,18.53,7,1
463,0.19,0.87,32.58,5,12,6.94,2,1
464,0.03,0.86,93.45,97,11,5.05,5,1
465,0.01,0.71,94.76,57,6,14.38,8,1
466,0.02,0.93,71.18,28,8,6.45,3,1
467,0.11,0.91,96.51,98,4,9.91,9,1
468,0.07,0.22,82.93,82,10,16.65,8,1
469,0.36,0.52,39.11,47,4,18.84,7,1
470,0.01,0.84,27.54,70,9,10.46,5,0
471,0.15,0.5,64.92,18,4,15.72,7,0
472,0.37,0.95,28.7,9,7,19.66,2,1
473,0.24,0.73,28.5,98,16,7.31,7,1
474,0.1,0.26,72.86,91,13,5.12,9,1
475,0.36,0.25,21.63,99,8,14.92,6,1
476,0.16,0.9,54.87,82,12,18.76,8,1
477,0.02,0.56,64.12,77,18,18.4,5,1
478,0.01,0.35,42.3,57,5,17.73,3,0
479,0.17,0.9,26.06,26,5,11.98,8,0
480,0.29,0.29,72.95,50,17,13.45,8,1
481,0.16,0.59,56.08,15,12,15.12,7,1
482,0.05,0.56,91.78,2,18,10.53,9,1
483,0.27,0.36,58.82,4,6,11.04,8,1
484,0.23,0.12,51.73,95,9,18.11,1,1
485,0.09,0.34,88.45,43,18,10.86,2,1
486,0.23,0.53,29.81,81,2,13.55,4,1
487,0.39,0.6,65.96,99,16,10.37,9,1
488,0.32,0.41,18.87,68,6,9.8,8,1
489,0.02,0.81,92.44,51,6,13.54,4,1
490,0.34,0.36,82.77,94,15,7.04,3,1
491,0.06,0.9,55.94,8,9,9.91,4,0
492,0.2,0.64,80.45,29,15,18.78,6,1
493,0.08,0.51,75.7,46,0,18.3,4,1
494,0.31,0.5,64.29,17,17,16.44,5,1
495,0.27,0.2,13.1,56,12,19.39,5,1
496,0.25,0.87,56.07,43,18,10.53,7,1
497,0.22,0.51,33.39,79,17,16.56,2,1
498,0.02,0.66,11.79,76,18,6.25,4,1
499,0.06,0.15,49.05,40,8,16,1,0
500,0.04,0.47,52.81,84,11,7.98,8,1
501,0.03,0.52,36.78,10,7,4.18,5,1
502,0.23,0.13,28.5,63,9,7.92,1,0
503,0.35,0.92,66.32,98,19,14.05,8,1
504,0.34,0.72,26.99,87,4,7.87,9,1
505,0.15,0.73,34.59,80,2,7.92,1,0
506,0.12,0.15,89.23,85,6,7.78,1,1
507,0.13,0.49,42.27,39,8,12.29,8,0
508,0.35,0.35,79.78,7,6,18.71,2,1
509,0.04,0.43,21.5,27,1,4.16,5,1
510,0.11,0.77,81.22,94,3,18.5,7,1
511,0.09,0.67,77.9,58,0,8.36,9,1
512,0.38,0.27,45.46,41,19,9.72,3,1
513,0.38,0.46,65.02,6,5,12.81,8,1
514,0.36,0.16,46.32,71,10,11.93,6,1
515,0.36,0.39,23.88,64,9,16.32,7,1
516,0.06,0.69,80.53,33,6,13.31,4,1
517,0.02,0.15,16.28,55,9,14.46,7,0
518,0.37,0.21,90.9,42,4,12.28,9,1
519,0.07,0.44,69.31,61,3,16.6,3,0
520,0.14,0.69,58.59,54,2,17.47,9,0
521,0.03,0.91,34.54,45,3,17.89,7,0
522,0.37,0.4,69.86,97,16,19.15,6,1
523,0.28,0.61,62.73,59,15,9.32,8,1
524,0.12,0.62,31.67,46,0,13.91,9,0
525,0.02,0.37,40.06,57,11,14.96,5,1
526,0.19,0.73,93.01,41,14,12.72,8,1
527,0.14,0.73,80.76,95,14,8.71,1,1
528,0.08,0.27,18.48,26,6,11.6,2,0
529,0.13,0.44,97.82,48,14,8.07,4,1
530,0.14,0.58,33.44,98,3,14.68,1,1
531,0.36,0.85,81.66,15,18,12.49,2,1
532,0.13,0.22,58.44,9,18,16.63,6,1
533,0.13,0.4,80.14,61,10,4.92,6,1
534,0.4,0.66,39.16,96,19,14.82,6,1
535,0.07,0.72,66.87,41,18,8.56,2,1
536,0.14,0.78,57.66,83,4,16.79,9,1
537,0.02,0.84,15.85,61,1,9.84,6,0
538,0.35,0.75,44.94,15,1,14.6,5,1
539,0.03,0.12,69.14,21,17,14.08,1,1
540,0.37,0.22,65.38,26,2,18.2,8,1
541,0.18,1,11.91,4,5,5.13,7,1
542,0.06,0.85,45.02,75,3,19.59,7,0
543,0.38,0.96,32.48,48,8,14.88,6,1
544,0.17,0.27,55.1,47,17,10.96,6,1
545,0.33,0.73,45,31,10,5.19,3,1
546,0.08,0.92,23.9,67,17,8.02,1,1
547,0.28,0.89,19.69,42,5,16.87,7,1
548,0.02,0.94,60.73,83,19,11.25,3,1
549,0.13,0.24,63.68,65,5,16.02,8,0
550,0.29,0.8,20.79,14,19,13.82,4,1
551,0.18,0.11,27.53,36,19,11.77,8,1
552,0.37,0.87,14.74,48,9,15.56,4,1
553,0.17,0.5,35.41,38,15,5.21,4,1
554,0.18,0.54,99.86,60,4,9.48,8,1
555,0.18,0.12,74.44,97,12,14.9,9,1
556,0.1,0.69,46.46,47,1,9.91,7,0
557,0.31,0.31,88.05,78,17,6.24,9,1
558,0.24,0.31,27.84,93,11,6.79,7,1
559,0.27,0.95,78.75,27,13,7.01,6,1
560,0.21,0.34,24.96,20,8,6.84,2,1
561,0.3,0.11,78.51,63,1,6.65,6,1
562,0.29,0.27,22.3,71,16,15.69,6,1
563,0.16,0.26,65.52,6,13,8.31,5,1
564,0.21,0.12,75.52,50,5,14.21,2,1
565,0.37,0.12,92.1,5,4,17.25,6,1
566,0.08,0.72,90.04,28,16,9.01,3,1
567,0.31,0.48,78.09,49,7,8.92,9,1
568,0.33,0.63,16.07,30,17,19.4,9,1
569,0.31,0.8,75.33,65,3,15.79,9,1
570,0.39,1,54.69,72,10,17.24,8,1
571,0.15,0.9,76,14,7,9.9,3,1
572,0.35,0.27,44.07,21,16,12.97,1,1
573,0.16,0.43,31,37,0,4.65,6,1
574,0.05,0.92,98.36,6,14,16.35,8,1
575,0.11,0.46,53.28,67,10,19.44,7,0
576,0.4,0.77,46.89,54,16,9.99,5,1
577,0.15,0.29,21.88,9,8,16.68,6,0
578,0.25,0.78,59.03,71,4,7.76,2,0
579,0.02,0.19,20.1,85,8,17.67,4,1
580,0.17,0.57,46.07,66,9,19.42,8,0
581,0.13,0.98,63.55,63,6,5.58,9,1
582,0.06,0.91,70.65,5,12,11.91,4,1
583,0.07,0.34,32.97,59,7,17.21,2,0
584,0.39,0.65,65.45,39,0,10.36,5,1
585,0.3,0.34,48.85,49,14,18.92,1,1
586,0.1,0.52,56.32,90,3,18,6,1
587,0.09,0.47,28.46,17,16,5.93,2,1
588,0.37,0.84,78.55,58,17,14.34,6,1
589,0.23,0.13,93.66,52,19,4.03,5,1
590,0.21,0.26,48.02,35,19,5.12,8,1
591,0.3,0.47,16.11,43,3,9.42,7,1
592,0.02,0.67,63.18,24,17,7.33,4,1
593,0.09,0.46,71.58,3,3,19.14,9,0
594,0.32,0.9,83.78,97,4,14.03,5,1
595,0.31,0.36,27.74,52,13,17.95,1,1
596,0.28,0.67,90.6,12,2,4.8,1,1
597,0.08,0.7,41.9,54,19,8.34,3,1
598,0.3,0.14,30.32,58,15,19.08,8,1
599,0.13,0.63,90.37,78,1,8.94,7,1
600,0.13,0.15,50.52,88,7,6.06,1,1
601,0.01,0.63,44.14,94,19,8.8,4,1
602,0.25,0.73,64.38,44,5,19.08,8,0
603,0.38,0.14,97.3,25,9,8.6,8,1
604,0.2,0.17,64.19,54,15,8.84,6,1
605,0.17,0.83,95.06,56,13,4.87,6,1
606,0.38,0.52,54.95,15,16,6.33,1,1
607,0.02,0.13,74.45,7,12,6.07,2,1
608,0.08,0.59,43.74,73,19,6.09,6,1
609,0.26,0.47,21.58,51,8,16.38,9,1
610,0.28,0.52,12.24,81,13,8.69,4,1
611,0.12,0.74,77.47,24,18,15.64,3,1
612,0.21,0.59,12.37,60,11,8.9,7,1
613,0.03,0.79,94.92,3,14,8.98,2,1
614,0.02,0.55,93.1,16,7,10.38,2,1
615,0.39,0.19,26.47,72,19,13.53,2,1
616,0.38,0.7,49.76,98,18,6.93,9,1
617,0.02,0.88,87.73,45,7,5.58,6,1
618,0.38,0.89,72.07,83,12,17.44,9,1
619,0.36,0.77,89.91,21,3,14.65,7,1
620,0.25,0.85,96.26,62,7,7.92,1,1
621,0.16,0.94,38.25,79,11,14.75,5,1
622,0.39,0.46,93.98,55,1,12.04,1,1
623,0.33,0.42,12.36,55,14,6.39,9,1
624,0.39,0.19,38.6,99,8,11.2,8,1
625,0.15,0.72,57.99,29,10,18.68,2,0
626,0.07,0.47,88.88,77,15,5.56,6,1
627,0.09,0.63,11.9,23,15,16.76,7,1
628,0.18,0.72,24.74,86,4,10.71,1,1
629,0.27,0.28,14.82,31,3,13.08,6,1
630,0.22,0.51,69.4,30,0,10.85,1,0
631,0.24,0.25,30.89,76,10,15.28,7,0
632,0.11,0.55,31.95,71,15,5.16,1,1
633,0.39,0.88,43.4,58,11,5.94,5,1
634,0.25,0.44,84.54,77,14,19.41,1,1
635,0.28,0.64,38.01,62,19,12.9,3,1
636,0.28,0.54,27.78,48,16,16.14,3,1
637,0.16,0.4,37.92,51,10,19.93,6,0
638,0.04,0.17,95.33,54,11,16.52,5,1
639,0.09,0.8,97.66,55,8,17,2,1
640,0.07,0.55,51.44,25,5,14.62,5,0
641,0.16,0.39,99.28,14,14,8.47,4,1
642,0.36,0.26,46.64,21,7,7.8,9,1
643,0.09,0.83,66.71,70,10,19.94,8,0
644,0.2,0.52,95.45,50,11,8.24,5,1
645,0.02,0.77,97.34,74,14,10.99,2,1
646,0.38,0.33,85.01,91,3,7.06,1,1
647,0.35,0.68,71.95,40,5,18.95,9,1
648,0.21,0.81,59.57,34,10,5.31,7,1
649,0.24,0.18,91.18,95,2,13.8,4,1
650,0.38,0.58,71.96,85,16,13.84,7,1
651,0.23,0.25,80.99,63,13,6.78,5,1
652,0.3,0.83,74.3,17,11,19.16,6,1
653,0.03,0.1,46.09,37,3,6.73,7,1
654,0.22,0.91,86.77,49,5,13.53,3,1
655,0.15,0.64,36.91,83,3,5.36,1,1
656,0.34,0.93,21.23,31,4,5.53,7,1
657,0.38,0.78,41.06,9,15,17,2,1
658,0.32,0.75,60.17,70,8,12.65,8,1
659,0.05,0.46,89.64,18,15,6.75,9,1
660,0.12,0.59,85.26,74,9,5.77,6,1
661,0.22,0.6,96.05,71,14,5.8,6,1
662,0.13,0.97,62.99,6,5,9.97,2,0
663,0.31,0.84,38.76,51,11,18.93,6,1
664,0.23,0.89,80.55,32,3,14.66,4,1
665,0.3,0.14,77.86,22,7,14.69,4,1
666,0.29,0.94,33.42,95,7,8.77,1,1
667,0.14,0.5,38.51,65,7,11.51,4,0
668,0.14,0.27,31.85,6,0,4.72,7,1
669,0.24,0.84,74.84,87,12,14.76,3,1
670,0.4,0.72,12.21,79,11,13.91,9,1
671,0.28,0.2,87.66,61,13,17.02,3,1
672,0.39,0.92,91.92,24,12,14.97,8,1
673,0.13,0.8,82.04,78,19,11.68,3,1
674,0.38,0.43,36.22,33,10,4.31,7,1
675,0.27,0.52,51.64,9,4,10.69,3,1
676,0.11,0.1,58.6,81,17,5.07,4,1
677,0.4,0.69,68.68,49,18,16.43,5,1
678,0.09,0.56,10.49,19,14,14.75,9,1
679,0.04,0.3,50.51,98,2,6.77,5,1
680,0.37,0.88,83.35,35,0,5.44,9,1
681,0.3,0.65,99.94,53,2,11.28,7,1
682,0.28,0.44,18.09,38,13,7.23,2,1
683,0.36,0.37,29.77,88,11,10.64,1,1
684,0.27,0.54,47.82,35,15,9.14,3,1
685,0.36,0.95,40.84,12,13,15.94,6,1
686,0.07,0.93,78.59,59,7,11.71,5,1
687,0.03,0.36,71.36,8,14,15.39,4,1
688,0.04,0.54,50.42,66,17,12.47,8,1
689,0.19,0.75,48.9,40,11,9.16,9,1
690,0.03,0.7,77.26,4,18,10.18,1,1
691,0.09,0.67,28.28,28,10,11.24,6,0
692,0.18,0.85,60.97,31,18,9.33,8,1
693,0.3,0.41,37.91,22,17,7.14,5,1
694,0.26,0.76,89.35,66,17,19.01,6,1
695,0.24,0.23,74.76,13,1,4.17,1,1
696,0.34,0.66,29.16,79,10,16.5,6,1
697,0.28,0.33,25.12,86,15,5.26,7,1
698,0.4,0.21,21.03,22,8,7.74,4,1
699,0.17,0.37,42.59,99,13,8,5,1
700,0.21,0.65,64.07,20,2,6.17,9,1
701,0.33,0.21,60.18,30,13,5.73,5,1
702,0.37,0.57,46.32,83,18,6.97,1,1
703,0.34,0.47,58.29,68,13,15.23,1,1
704,0.21,0.22,37.15,89,11,4.84,7,1
705,0.18,0.79,40.65,31,7,15.75,2,0
706,0.32,0.65,33.95,4,15,10.3,9,1
707,0.4,0.38,82.46,6,6,7.89,9,1
708,0.22,0.53,83.07,98,16,15.4,2,1
709,0.34,0.91,73.92,80,3,15.16,7,1
710,0.39,0.25,32.14,76,4,8.98,2,1
711,0.15,0.85,34.23,17,14,13.25,5,1
712,0.09,0.93,24,81,17,11.62,3,1
713,0.29,0.93,17.31,24,16,10.87,2,1
714,0.23,0.7,52.07,51,0,16.58,6,0
715,0.23,0.6,12.23,10,8,9.81,1,0
716,0.25,0.63,49.79,50,15,16.14,7,1
717,0.25,0.29,69.72,80,13,7.95,8,1
718,0.38,0.52,80.1,65,16,18.54,4,1
719,0.13,0.51,83.91,40,8,11.03,2,1
720,0.13,0.28,13.95,89,4,17.84,3,1
721,0.08,0.19,57.43,59,4,6.25,9,1
722,0.16,0.91,21.53,15,14,11.92,5,1
723,0.16,0.88,22.23,40,18,8.06,9,1
724,0.18,0.24,16.75,19,8,14.87,5,0
725,0.39,0.3,66.98,62,1,10.61,7,1
726,0.09,0.76,30.61,52,18,16.98,9,1
727,0.39,0.4,49.32,84,14,19.65,4,1
728,0.14,0.44,94.66,31,8,15.16,6,1
729,0.29,0.28,65.62,80,16,9.38,9,1
730,0.21,0.19,58.99,32,1,11.69,9,0
731,0.02,0.2,11.34,21,16,8.73,6,1
732,0.05,0.28,44.59,76,17,16.16,2,1
733,0.3,0.86,82.56,27,0,13.43,5,1
734,0.07,0.54,35.89,92,13,11.59,7,1
735,0.34,0.58,12.46,87,19,4.95,1,1
736,0.1,0.33,96.44,31,2,16.76,1,1
737,0.13,0.43,84.1,77,19,8.62,5,1
738,0.3,0.85,62.25,92,7,11.42,5,1
739,0.12,0.81,84.63,42,13,16.86,9,1
740,0.24,0.63,64.82,59,17,11.59,9,1
741,0.11,0.34,59.15,33,13,8.22,3,1
742,0.2,0.88,56.25,8,13,14.05,5,1
743,0.32,0.97,70.7,54,9,11.35,7,1
744,0.12,0.78,62.99,14,11,5.82,1,1
745,0.16,0.94,35.51,20,15,15.86,2,1
746,0.19,0.73,89.45,32,3,15.89,1,1
747,0.29,0.55,19.87,57,17,4.48,9,1
748,0.32,0.5,40.17,7,17,11.64,5,1
749,0.31,0.43,93.56,49,10,17.66,4,1
750,0.39,0.51,30.96,59,9,13.91,8,1
751,0.13,0.51,17.53,90,15,15.79,5,1
752,0.22,0.86,20.87,20,5,5,7,1
753,0.15,0.19,85.87,35,15,8.02,5,1
754,0.04,0.61,64.19,57,7,10.81,5,0
755,0.19,0.71,84.97,1,15,9.88,1,1
756,0.38,0.49,38.3,99,17,13.36,7,1
757,0.12,0.53,38.41,26,9,5.96,3,1
758,0.29,0.42,94.09,72,7,8.44,1,1
759,0.16,0.33,27.88,58,18,18.83,7,1
760,0.38,0.66,98.23,85,6,7.35,7,1
761,0.04,0.13,54.44,44,9,15.08,6,0
762,0.16,0.39,65.75,53,9,8.7,5,0
763,0.33,0.8,47.03,86,8,6.96,7,1
764,0.06,0.74,12.07,13,13,12.12,8,1
765,0.35,0.68,25.3,31,7,6.69,3,1
766,0.13,0.77,91.62,79,6,10.95,6,1
767,0.09,0.79,69.37,1,7,13.1,1,0
768,0.02,0.47,54.75,19,5,11.92,7,0
769,0.17,0.47,65.57,60,2,19.74,5,0
770,0.35,1,25.54,34,10,17.95,9,1
771,0.19,0.84,19.97,90,0,14.74,4,1
772,0.22,0.39,53.18,89,9,7.18,4,1
773,0.38,0.3,62.34,81,12,12.54,9,1
774,0.31,0.55,16.54,1,15,4.53,2,1
775,0.14,0.8,54.93,42,5,8.08,9,0
776,0.27,0.29,26.22,99,2,8.37,5,1
777,0.26,0.63,44.57,76,2,14.67,9,1
778,0.08,0.36,53.59,80,17,11.5,3,1
779,0.4,0.82,86.71,5,3,12.31,5,1
780,0.03,0.35,25.49,91,5,10.51,6,1
781,0.18,0.84,73.48,17,13,9.66,7,1
782,0.16,0.7,52.37,22,7,13.09,8,0
783,0.39,0.15,41.08,17,11,11.57,4,1
784,0.29,0.61,67.93,61,3,7.22,9,1
785,0.23,0.11,48.97,69,11,7.03,4,1
786,0.19,0.26,25.98,99,2,15.04,3,1
787,0.22,0.23,46.87,99,0,10.94,9,1
788,0.23,0.26,68.96,24,6,11.2,5,0
789,0.21,0.97,26.89,20,2,5.84,7,1
790,0.08,0.21,42.86,72,5,11.15,8,0
791,0.35,0.1,35.85,11,14,19.39,7,1
792,0.02,0.2,30.35,40,15,15.46,9,1
793,0.37,0.79,31.82,92,2,18.68,5,1
794,0.19,0.46,94.95,87,0,7.11,4,1
795,0.26,0.74,47.88,16,16,12.93,6,1
796,0.31,0.47,41.58,82,10,10.1,1,1
797,0.07,0.51,83.23,57,18,8.94,9,1
798,0.16,0.41,58.84,52,0,14.87,6,0
799,0.31,0.15,12.8,72,16,18.33,9,1
800,0.34,0.93,84.24,66,6,19.49,3,1
801,0.31,0.76,65.45,35,14,15.26,5,1
802,0.31,0.94,41.11,60,1,6.82,3,1
803,0.29,0.41,25.39,89,17,11.03,3,1
804,0.14,0.85,45.93,30,0,14.89,3,0
805,0.31,0.32,46.67,53,15,19.74,6,1
806,0.39,0.28,60.84,18,4,16.87,1,1
807,0.03,0.97,50.59,26,8,9.54,5,0
808,0.28,0.88,84.42,14,11,18.44,6,1
809,0.15,0.7,57.88,49,18,4.61,9,1
810,0.28,0.94,93.97,47,13,15.74,6,1
811,0.3,0.45,95.19,16,2,5.49,7,1
812,0.19,0.51,86.35,36,8,11.76,9,1
813,0.07,0.24,41.04,36,1,5.49,9,1
814,0.36,0.61,60.93,78,18,8.24,9,1
815,0.09,0.34,74.64,68,5,10.15,8,0
816,0.03,0.94,36.83,55,0,14.6,6,0
817,0.17,0.67,16.55,45,3,19.8,8,0
818,0.28,0.12,35.6,75,7,5.12,9,1
819,0.38,0.31,53.81,99,16,13.69,2,1
820,0.1,0.92,47.51,37,3,18.14,2,0
821,0.27,0.82,47.36,9,0,15.18,2,1
822,0.25,0.83,28.52,2,15,15.35,3,1
823,0.07,0.58,36.59,18,6,15.38,6,0
824,0.06,0.71,83.65,84,19,18.51,5,1
825,0.1,0.76,58.99,64,18,19.91,2,1
826,0.08,0.7,88.73,64,11,4.3,5,1
827,0.33,0.5,56.59,12,16,17.14,1,1
828,0.19,0.63,86.99,86,9,18.64,3,1
829,0.14,0.46,24.34,68,6,12.13,2,0
830,0.07,0.85,55.76,43,5,7.21,1,0
831,0.32,0.44,76.39,52,3,16.63,7,1
832,0.29,0.89,77.41,67,18,19.64,7,1
833,0.22,0.53,91.72,77,19,11.38,8,1
834,0.12,0.56,11.56,76,5,10.79,3,0
835,0.26,0.3,35.15,22,11,13.96,1,1
836,0.27,0.18,14.78,79,3,10.97,6,1
837,0.24,0.69,30.96,21,1,19.4,2,0
838,0.27,0.77,13.49,62,14,19.42,8,1
839,0.24,0.25,60.53,2,15,5.01,7,1
840,0.08,0.18,11.32,79,19,19.94,3,1
841,0.37,0.14,48.27,56,3,7.54,1,1
842,0.2,0.38,30.27,43,2,8.6,2,0
843,0.27,0.25,47.29,12,2,19.22,9,1
844,0.09,0.39,99.99,86,3,13.75,6,1
845,0.11,0.91,48.59,14,3,16.54,4,0
846,0.18,0.79,18.6,58,8,5.63,8,1
847,0.23,0.94,24.53,1,0,13.81,3,0
848,0.33,0.64,36.95,31,9,9,6,1
849,0.03,0.7,78.19,77,11,4.12,1,1
850,0.23,0.93,45.84,66,16,6.46,9,1
851,0.16,0.25,28.87,58,16,10.91,8,1
852,0.1,0.35,89.24,97,15,4.77,7,1
853,0.34,0.68,13.4,82,16,14.33,1,1
854,0.32,0.5,96.64,70,9,13.55,4,1
855,0.09,0.14,85.32,33,2,18.37,1,1
856,0.11,0.63,91.45,79,19,9.43,3,1
857,0.38,0.1,71.26,63,6,7.45,9,1
858,0.1,0.4,18.14,30,9,19.33,6,0
859,0.19,0.85,77.29,80,2,5.6,1,1
860,0.17,0.34,24.48,45,17,7.62,5,1
861,0.25,0.8,99.41,76,6,7.94,2,1
862,0.07,0.36,25.1,55,14,15.67,2,1
863,0.07,0.58,88.25,20,8,12.57,7,1
864,0.05,0.66,67.86,14,5,6.7,3,1
865,0.06,0.9,37.29,34,4,16.81,6,0
866,0.06,0.69,15.66,70,16,8.6,2,1
867,0.21,0.6,24.38,43,1,13.68,8,0
868,0.05,0.19,93.13,89,0,15.57,8,1
869,0.2,0.75,49.89,6,5,17.52,6,0
870,0.18,0.76,28.13,11,8,11.19,6,0
871,0.22,0.34,76.94,57,5,14.73,9,1
872,0.1,0.99,47.25,25,0,4.88,7,1
873,0.33,0.98,80.87,12,17,7.17,4,1
874,0.08,0.13,47.01,63,17,16.55,6,1
875,0.26,0.44,47.31,40,4,18.69,1,1
876,0.01,0.4,52.42,77,12,18.78,2,1
877,0.11,0.38,93.25,75,12,10.29,7,1
878,0.33,0.25,31.4,94,14,16.6,6,1
879,0.15,0.18,66.76,22,1,18.71,8,0
880,0.31,0.66,67.75,71,19,4.11,9,1
881,0.14,0.41,97.12,48,17,7.86,1,1
882,0.13,0.63,59.12,91,6,14.48,3,1
883,0.08,0.22,21.45,8,7,19.91,6,0
884,0.29,0.87,91.42,19,5,7.96,6,1
885,0.18,0.62,14.16,13,18,7.01,1,1
886,0.06,0.18,23.59,38,8,12.15,1,0
887,0.02,0.4,67.25,4,13,5.9,2,1
888,0.1,0.74,61.4,43,1,15.13,4,0
889,0.11,0.77,91.64,51,13,12.41,1,1
890,0.35,0.44,90.05,15,17,6.49,4,1
891,0.19,0.56,74.27,37,6,18.04,2,0
892,0.39,0.73,53.62,30,13,6.62,8,1
893,0.15,0.18,54.18,15,2,19.82,3,0
894,0.37,0.22,98.85,1,4,14.45,8,1
895,0.06,0.32,76.37,3,14,15.58,6,1
896,0.04,0.56,57.94,96,5,16.64,3,1
897,0.27,0.74,32.45,32,15,15.57,3,1
898,0.12,0.95,70.98,70,19,10.61,3,1
899,0.33,0.62,41.38,10,11,17.32,1,1
900,0.09,0.13,31.82,75,5,14.99,7,0
901,0.14,0.41,24.82,90,17,5.02,3,1
902,0.03,0.67,11.21,45,18,4.9,9,1
903,0.09,0.91,62.18,75,7,5.24,3,1
904,0.27,0.66,96.52,63,16,15.6,3,1
905,0.23,0.49,38.09,6,17,16.67,3,1
906,0.04,0.57,63.26,94,4,5.47,6,1
907,0.33,0.28,34.75,13,4,16.47,1,1
908,0.02,0.48,88.39,4,16,11.93,1,1
909,0.32,0.19,78.58,52,7,10.89,2,1
910,0.21,0.78,66.9,82,7,18.66,1,1
911,0.36,0.56,54.47,48,3,10.68,2,1
912,0.16,0.81,12.21,74,1,16.42,3,0
913,0.01,0.75,21.39,48,17,7.66,8,1
914,0.21,0.36,75,25,17,11.32,8,1
915,0.11,0.16,42.1,95,12,13.05,7,1
916,0.08,0.32,57.24,6,16,15.37,8,1
917,0.04,0.76,75.5,21,18,15.84,5,1
918,0.22,0.86,76.63,94,5,11,1,1
919,0.12,0.63,56.2,40,0,12.7,5,0
920,0.2,0.32,91.03,2,0,7.75,5,1
921,0.03,0.48,76.52,43,14,15.03,7,1
922,0.37,0.4,73.93,9,19,12.43,1,1
923,0.24,0.59,13.2,38,6,9.4,8,0
924,0.35,0.21,31.57,47,8,13.93,5,1
925,0.3,0.72,27.37,59,3,10.69,9,1
926,0.02,0.21,21.3,76,19,15.64,9,1
927,0.02,0.44,36.12,12,5,18.9,9,0
928,0.04,0.88,15.84,98,11,11.75,4,1
929,0.21,0.61,19.31,37,18,7.68,5,1
930,0.38,0.98,73.92,40,8,5.48,5,1
931,0.3,0.36,90.39,83,14,15.58,1,1
932,0.1,0.56,66.77,26,10,16.99,1,0
933,0.26,0.89,67.62,5,18,8.89,2,1
934,0.08,0.65,83.9,49,2,5.61,9,1
935,0.01,0.39,20.37,30,6,5.84,6,1
936,0.37,0.4,30.24,31,4,15.71,2,1
937,0.15,0.42,76.95,88,16,12.45,7,1
938,0.04,0.41,81.49,23,3,13.85,4,1
939,0.31,0.28,48.72,6,18,12.45,3,1
940,0.22,0.61,18.87,74,7,12.15,7,0
941,0.2,0.86,31.08,26,11,17.1,4,1
942,0.35,0.78,82.13,55,11,9.77,1,1
943,0.4,0.78,70.29,91,4,9.79,1,1
944,0.11,0.37,32.02,70,2,8.11,5,0
945,0.31,0.56,13.59,51,15,16.28,1,1
946,0.18,0.2,28.08,5,8,10.91,8,0
947,0.17,0.68,64.31,84,6,17.98,6,1
948,0.15,0.31,77.48,66,14,10.59,2,1
949,0.38,0.84,12.77,35,7,6.93,5,1
950,0.27,0.27,24.8,28,9,7.21,8,1
951,0.37,0.16,28.68,38,0,7.81,3,1
952,0.05,0.29,56.69,10,17,6.29,1,1
953,0.1,0.11,78.82,71,15,15.09,8,1
954,0.26,0.87,80.09,59,18,18.63,4,1
955,0.36,0.26,77.73,19,3,15.56,8,1
956,0.15,0.43,23.71,79,2,9.74,5,0
957,0.22,0.45,11.88,15,16,17.61,8,1
958,0.01,0.7,22.24,5,1,8.15,3,0
959,0.2,0.34,41.69,24,16,12.05,8,1
960,0.3,0.18,87.6,98,0,10.28,2,1
961,0.23,0.94,16.32,49,9,16.55,3,0
962,0.27,0.4,83.9,28,2,17.22,2,1
963,0.22,0.68,79.65,30,10,6.86,4,1
964,0.27,0.57,20.69,20,12,19.08,2,1
965,0.24,0.27,42.74,87,10,12.98,4,1
966,0.26,0.34,10.63,62,17,19.26,5,1
967,0.34,0.62,91.61,11,0,4.65,9,1
968,0.23,0.77,99.12,47,11,10.82,1,1
969,0.07,0.94,92.95,62,7,11.5,7,1
970,0.1,0.22,55.94,76,8,8.23,2,0
971,0.33,0.47,86.94,74,14,6.12,5,1
972,0.37,0.63,14.8,79,4,9.18,6,1
973,0.14,0.11,29.1,27,10,11.22,3,0
974,0.31,0.72,49.51,99,3,17.41,5,1
975,0.35,0.35,88.77,38,19,17.77,9,1
976,0.1,0.7,55.77,40,8,5.43,4,1
977,0.03,0.75,80.71,76,13,11.22,7,1
978,0.34,0.32,70.68,54,15,14.17,2,1
979,0.38,0.34,61.23,46,8,8,1,1
980,0.32,0.89,73.66,32,2,6.3,3,1
981,0.24,0.65,14.73,15,5,8.67,4,0
982,0.24,0.75,70.01,42,2,7.4,3,0
983,0.21,0.3,34.68,44,11,12.07,3,1
984,0.03,0.64,64.68,10,5,10.73,7,0
985,0.02,0.16,94.64,3,3,4.81,5,1
986,0.31,0.65,16.76,99,18,10.13,4,1
987,0.34,0.81,78.19,24,7,4.67,7,1
988,0.33,0.91,88.66,68,1,14.88,6,1
989,0.01,0.54,97.5,99,17,15.66,7,1
990,0.2,0.85,99.52,8,3,13.29,9,1
991,0.3,0.67,58.24,5,4,19.28,4,1
992,0.02,0.85,64.82,71,9,15.56,2,0
993,0.04,0.93,17.8,43,18,7.92,3,1
994,0.27,0.57,40.47,11,16,13.41,7,1
995,0.12,0.83,89.12,10,2,19.92,2,1
996,0.24,0.62,26.36,85,19,7.87,7,1
997,0.1,0.5,17.7,24,0,7.15,8,0
998,0.09,0.41,41.56,61,11,18.45,3,1
999,0.07,0.83,39.09,39,17,12.65,7,1
1000,0.03,0.38,84.86,71,8,18.75,9,1
1001,0.34,0.32,60.26,78,13,5.67,5,1
1002,0.06,0.52,60.81,47,14,16.45,2,1
1003,0.3,0.17,11.7,5,6,5.49,2,1
1004,0.21,0.34,12.35,37,10,12.19,1,0
1005,0.2,0.55,79.94,10,16,8.39,8,1
1006,0.18,0.84,85.34,35,3,14.14,7,1
1007,0.35,0.29,49.38,67,16,18.45,5,1
1008,0.18,0.65,19.34,76,14,18.52,6,1
1009,0.09,0.4,28.15,89,7,7.2,5,1
1010,0.25,0.29,40.81,84,14,15.55,3,1
1011,0.18,0.57,29.67,81,13,6.09,7,1
1012,0.37,0.64,47.64,4,5,14.8,1,1
1013,0.29,0.48,80.79,70,9,9.62,7,1
1014,0.26,0.31,37.37,68,8,9.76,2,1
1015,0.37,0.34,73.35,12,5,4.95,8,1
1016,0.32,0.12,30.54,71,6,5.14,5,1
1017,0.21,0.89,64.56,84,17,8.8,6,1
1018,0.1,0.43,51.28,76,14,18.7,6,1
1019,0.12,0.44,12.27,92,8,18.79,5,1
1020,0.31,0.21,78.87,2,0,4.22,5,1
1021,0.38,0.35,74.75,2,0,6.38,2,1
1022,0.11,0.85,27.37,90,17,14.52,2,1
1023,0.05,0.71,13.93,11,18,7.92,6,1
1024,0.14,0.85,52.86,74,1,11.86,9,0
1025,0.38,0.82,57.28,45,5,17.68,1,1
1026,0.01,0.49,45.74,9,1,16.53,8,0
1027,0.29,0.94,66.78,31,11,18.98,4,1
1028,0.38,0.36,52.01,80,13,13.93,1,1
1029,0.32,0.19,13.6,91,14,5.44,3,1
1030,0.17,0.87,26.41,88,10,9.5,5,1
1031,0.31,0.54,14.68,22,0,14.59,9,1
1032,0.22,0.22,49.95,58,8,11.23,2,0
1033,0.11,0.95,10.95,55,17,17.25,7,1
1034,0.15,0.92,81.75,81,5,10.35,2,1
1035,0.29,0.83,34.23,22,14,4.23,5,1
1036,0.24,0.88,86.42,88,17,14.88,7,1
1037,0.25,0.51,51.55,71,6,17.94,9,0
1038,0.28,0.36,78.04,30,5,18.94,7,1
1039,0.17,0.47,53.96,25,0,18.16,1,0
1040,0.08,0.56,69.89,37,6,12.22,9,0
1041,0.07,0.19,67.32,68,1,10.42,4,0
1042,0.13,0.69,72.99,51,13,4.76,8,1
1043,0.17,0.12,20.3,81,10,4.62,6,1
1044,0.14,0.77,80.85,16,11,9.86,3,1
1045,0.37,0.94,64.61,55,0,7.77,2,1
1046,0.11,0.69,79.27,24,19,18.21,9,1
1047,0.32,0.68,88.79,72,3,7.05,3,1
1048,0.21,0.87,94.36,45,8,16.72,5,1
1049,0.08,0.73,22.4,31,8,18.47,2,0
1050,0.23,0.76,37.39,8,18,5.44,3,1
1051,0.28,0.79,58.91,40,1,17.11,9,1
1052,0.26,0.52,46.68,30,12,15.12,2,1
1053,0.1,0.15,13.49,24,3,12.95,2,0
1054,0.14,0.25,71.57,64,10,12.83,5,0
1055,0.14,0.58,74.31,57,11,4.66,6,1
1056,0.35,0.92,85.56,24,2,6.86,9,1
1057,0.05,0.61,38.28,59,8,8.25,7,0
1058,0.15,0.76,85.47,70,4,8.56,8,1
1059,0.12,0.28,94.37,31,0,18.09,4,1
1060,0.32,0.88,73.85,76,0,8.47,7,1
1061,0.28,0.89,31.38,59,7,13.09,5,1
1062,0.31,0.67,58.97,31,3,8.84,7,1
1063,0.13,0.16,57.45,84,7,8.73,4,1
1064,0.09,0.59,92.68,82,4,18.55,4,1
1065,0.07,0.58,25.29,91,3,19.28,5,1
1066,0.13,0.13,95.61,3,16,15.49,2,1
1067,0.25,0.7,51.38,97,5,17.27,4,1
1068,0.04,0.66,35.25,98,19,12.16,2,1
1069,0.24,0.92,71.68,55,3,13.9,4,0
1070,0.21,0.21,53.89,2,3,8.64,6,0
1071,0.06,0.79,26.49,52,14,13.85,1,1
1072,0.23,0.84,93.4,24,1,10.4,4,1
1073,0.3,0.73,82.61,99,4,4.91,2,1
1074,0.22,0.4,60.73,50,0,15.03,9,0
1075,0.28,0.92,64.58,35,7,19.71,5,1
1076,0.15,0.51,78.72,37,14,5.3,4,1
1077,0.13,0.71,21.29,49,18,15.1,4,1
1078,0.27,0.25,61.44,37,1,7.35,4,1
1079,0.36,0.54,33.98,23,13,12.62,3,1
1080,0.12,0.63,42.07,30,14,15.27,7,1
1081,0.18,0.45,44.18,61,5,13.81,2,0
1082,0.25,0.21,43.03,80,10,5.05,4,1
1083,0.24,0.26,97.04,78,0,5.65,4,1
1084,0.18,0.55,81.42,7,7,18.11,6,1
1085,0.15,0.57,49.18,82,16,4.54,2,1
1086,0.04,0.4,71.84,1,12,11.11,2,1
1087,0.15,0.64,63.98,9,3,10.15,6,0
1088,0.38,0.93,66.29,78,19,18.97,8,1
1089,0.13,0.14,62.76,87,12,17.17,2,1
1090,0.37,0.66,82.21,43,4,17.52,2,1
1091,0.28,0.57,61.41,78,15,14.81,3,1
1092,0.22,0.61,47.85,79,6,19.38,7,0
1093,0.13,0.11,68.2,66,15,17.67,6,1
1094,0.1,0.73,78.11,36,3,12.65,2,1
1095,0.17,0.17,90.63,33,11,14.41,1,1
1096,0.26,0.23,51.11,97,14,16.55,9,1
1097,0.35,0.32,31.83,67,10,16.49,1,1
1098,0.26,0.51,62.3,25,19,17.05,1,1
1099,0.18,0.19,31.85,20,10,9.67,8,0
1100,0.36,0.9,33.49,22,15,12.73,5,1
